implementation,threads,mean_runtime_ms,speedup,efficiency,ipc,cache_miss_rate,ai_estimate,achieved_gflops,bandwidth_gbs
naive,1,206.15765833333333,1.1922288333333333,1.1922288333333333,0.0,0.0,1.875,0.024838975,0.13247461666666668
naive,2,559.4050833333333,0.4414354166666667,0.22071766666666667,0.0,0.0,1.875,0.009184243333333333,0.048982625
naive,4,1057.262,0.2357473333333333,0.05893679999999999,0.0,0.0,1.875,0.004921537500000001,0.02624819166666667
naive,8,1365.5871666666665,0.18458916666666667,0.023073649999999998,0.0,0.0,1.875,0.003894698333333333,0.020771716666666665
optimized,1,191.25643333333332,1.2678608333333334,1.2678608333333334,0.5397566666666667,0.015376766666666666,1.875,0.026214025000000002,0.13980816666666665
optimized,2,215.9394166666667,1.1243038333333333,0.5621516666666667,0.23632666666666668,0.0013816183333333334,1.875,0.023212916666666666,0.12380209166666666
optimized,4,212.35855,1.1513616666666668,0.28783991666666664,0.14627466666666666,0.0009978166666666666,1.875,0.02393201666666667,0.12763736666666667
optimized,8,135.67160833333332,1.8167116666666665,0.227089,0.11068183333333333,0.00036284500000000004,1.875,0.037925900000000005,0.20227158333333337
sequential,1,247.4805,1.0,1.0,0.0,0.0,1.875,0.02096665,0.11182225000000001
soa,1,155.73125000000002,1.4739724999999997,1.4739724999999997,0.5662583333333333,0.013102666666666667,2.5,0.029089274999999998,0.11635708333333333
soa,2,118.07786666666665,1.9420866666666665,0.9710424999999999,0.5608666666666667,0.014313916666666667,2.5,0.038299291666666666,0.15319725
soa,4,50.9872,4.5441908333333325,1.1360477499999997,0.35361166666666666,0.003703083333333333,2.5,0.09026775833333334,0.361071
soa,8,54.94173333333334,4.2192333333333325,0.5274041666666667,0.17382666666666668,0.0011134433333333334,2.5,0.08364901666666665,0.3345960833333333
